algorithm,distance_km,travel_time_sec,travel_time_min,cost
GA,176.77,59756.32687753974,995.9387812923289,459.16699220513703
ACO,186.51,61701.93401209691,1028.3655668682818,475.11315286178416
Hybrid,167.76,59406.434318845255,990.1072386474209,454.4846827697587
