algorithm,distance_km,travel_time_sec,travel_time_min,cost
GA,505.2800000000001,84349.74925231066,1405.8291542051777,712.0821475854908
ACO,553.9,84066.86694471927,1401.1144490786544,722.272687116106
Hybrid,465.1600000000001,83540.94886933587,1392.3491478222645,696.4354782592768
