algorithm,distance_km,travel_time_sec,travel_time_min,cost
GA,92.75999999999999,249104.86289975926,4151.747714995988,1753.0848812483287
ACO,111.78999999999999,257349.19939645147,4289.153323274191,1815.094718030913
Hybrid,93.12,249940.41943184743,4165.673657197457,1758.977357165607
