optimizer,fitness,distance_km,travel_time_sec,cost,runtime_sec
aco,145927.15303671695,399.6488888888889,143141.77777777778,2385.6955555555555,0.0
ga,140908.76002081818,364.65066666666667,138240.06666666668,2304.0026666666668,0.0
hybrid,139795.66082608985,355.7033333333333,137154.0,2285.902222222222,0.0
