optimizer,fitness,distance_km,travel_time_sec,cost,runtime_sec
aco,142658.40166140077,327.4035185185185,139997.7037037037,2333.295,0.0
ga,138211.32977875476,313.30016666666666,135637.36666666667,2260.624333333333,0.0
hybrid,137983.88235654813,301.6759259259259,135425.14814814815,2257.0857407407407,0.0
